{
    "_order": [
        "Subfield",
        "Cost",
        "PercentageOfAll"
    ],
    "data": {
        "Subfield": [
            "AdministrativeandResearch",
            "Payroll",
            "Overhead",
            "FinancialCosts",
            "Depriciation",
            "NonOperationalCostsandIncomes"
        ],
        "Cost": [
            340,
            91,
            62,
            212,
            134,
            11
        ],
        "PercentageOfAll": [
            40.0,
            10.70588235294118,
            7.294117647058823,
            24.94117647058824,
            15.76470588235294,
            1.294117647058824
        ]
    }
}